{
	"class_name" : "PinholeCameraParameters",
	"extrinsic" : 
	[
		0.013642242607414855,
		0.94592727274837929,
		-0.32409178312239528,
		0.0,
		-0.9996240970392708,
		0.005193336524950974,
		-0.026920138821357978,
		0.0,
		-0.023781375802568894,
		0.3243372071263978,
		0.94564254464273412,
		0.0,
		-0.14157565150309709,
		-0.75912709412916235,
		4.9958199452797389,
		1.0
	],
	"intrinsic" : 
	{
		"height" : 600,
		"intrinsic_matrix" : 
		[
			519.6152422706632,
			0.0,
			0.0,
			0.0,
			519.6152422706632,
			0.0,
			399.5,
			299.5,
			1.0
		],
		"width" : 800
	},
	"version_major" : 1,
	"version_minor" : 0
}