uid,t_fastga_total,t_fastga_integrate,t_fastga_peak,t_polylidar_planepoly,t_polylidar_filter,t_bilateral,t_polylabel, t_mesh_extraction
1,8.283871999992698,0.8968090005510021,7.387062999441696,3.6010979993079673,30.51585800039902,6.633070000134467,0.20282700006646337, 48.610
2,8.538101000340248,0.8589560002292274,7.679145000111021,4.6430900001723785,39.48373000002903,5.6996779994733515,0.20065899934706977, 36.421
3,6.438249998609535,0.9094909992199973,5.528758999389538,4.129666999688197,34.81551099957869,6.274128999393724,0.19381800029805163, 51.100
4,4.0795339991746005,1.136981999479758,2.9425519996948424,4.750697000417858,25.653667999904428,6.894510999700287,0.2899270002671983, 55.543
5,6.7119380000804085,1.0965780002152314,5.615359999865177,5.214254000748042,55.52981399887358,7.961134999277419,0.297831000352744, 59.329




